,precision,recall,f1-score,support
Vitamin_A,0.3380281690140845,0.3037974683544304,0.32,79.0
Vitamin_B12,0.35294117647058826,0.379746835443038,0.36585365853658536,79.0
Vitamin_C,0.896551724137931,0.6582278481012658,0.7591240875912408,79.0
Vitamin_D,0.25,0.3291139240506329,0.28415300546448086,79.0
Vitamin_E,0.948051948051948,0.9240506329113924,0.9358974358974359,79.0
accuracy,0.5189873417721519,0.5189873417721519,0.5189873417721519,0.5189873417721519
macro avg,0.5571146035349104,0.5189873417721519,0.5330056374979486,395.0
weighted avg,0.5571146035349104,0.5189873417721519,0.5330056374979486,395.0
