{
    "0": {
        "precision": 0.9634146341463414,
        "recall": 0.9875,
        "f1-score": 0.9753086419753086,
        "support": 80.0
    },
    "1": {
        "precision": 1.0,
        "recall": 1.0,
        "f1-score": 1.0,
        "support": 79.0
    },
    "2": {
        "precision": 1.0,
        "recall": 1.0,
        "f1-score": 1.0,
        "support": 80.0
    },
    "3": {
        "precision": 0.9871794871794872,
        "recall": 0.9625,
        "f1-score": 0.9746835443037974,
        "support": 80.0
    },
    "4": {
        "precision": 1.0,
        "recall": 1.0,
        "f1-score": 1.0,
        "support": 80.0
    },
    "accuracy": 0.9899749373433584,
    "macro avg": {
        "precision": 0.9901188242651656,
        "recall": 0.9899999999999999,
        "f1-score": 0.9899984372558212,
        "support": 399.0
    },
    "weighted avg": {
        "precision": 0.9900940594136999,
        "recall": 0.9899749373433584,
        "f1-score": 0.9899733706825276,
        "support": 399.0
    }
}